Designator,Val,Package,Mid X,Mid Y,Rotation,Layer
C101,1u,C_0402_1005Metric,157.34,-110.81,90.0,top
C102,1u,C_0402_1005Metric,155.94,-110.83,90.0,top
C103,10u,C_0603_1608Metric,155.1,-103.875,90.0,top
C104,10u,C_0603_1608Metric,155.1,-100.845,-90.0,top
C105,1u,C_0402_1005Metric,153.59,-95.57,180.0,top
C106,0u1,C_0402_1005Metric,157.26,-83.32,-90.0,top
C107,10u,C_0603_1608Metric,156.1,-98.24,0.0,top
C108,10u,C_0603_1608Metric,156.08,-92.47,0.0,top
C109,10u,C_0603_1608Metric,156.0775,-90.8175,0.0,top
C110,10u,C_0603_1608Metric,156.0775,-85.0575,0.0,top
C201,10u,C_0603_1608Metric,157.7,-73.90035,90.0,top
C202,0u1,C_0402_1005Metric,159.05,-74.20035,90.0,top
C203,0u1,C_0402_1005Metric,187.76,-79.37,90.0,bottom
C204,1u,C_0402_1005Metric,156.0175,-79.95,180.0,top
C206,10u,C_0603_1608Metric,172.55,-101.46035,-90.0,top
C207,0u1,C_0402_1005Metric,173.85,-101.46035,-90.0,top
C301,1u,C_0402_1005Metric,110.69,-106.6,270.0,bottom
C302,0u1,C_0402_1005Metric,107.77,-110.6,180.0,bottom
C303,0u1,C_0402_1005Metric,111.14,-108.03,0.0,bottom
C304,0u1,C_0402_1005Metric,160.22,-108.8675,90.0,bottom
C305,0u1,C_0402_1005Metric,156.76,-107.8675,270.0,bottom
C306,0u1,C_0402_1005Metric,131.6225,-108.53,90.0,bottom
C307,1u,C_0402_1005Metric,134.075,-106.975,0.0,bottom
C308,0u1,C_0402_1005Metric,183.9475,-105.868,180.0,bottom
C401,1u,C_0402_1005Metric,168.74,-80.05,0.0,bottom
C402,1u,C_0402_1005Metric,156.01,-80.07,180.0,bottom
C403,1u,C_0402_1005Metric,120.41,-81.14,0.0,bottom
C404,1u,C_0402_1005Metric,107.775,-90.375,180.0,bottom
C405,1u,C_0402_1005Metric,120.5,-90.5,180.0,bottom
C406,1u,C_0402_1005Metric,145.9,-90.525,180.0,bottom
C407,1u,C_0402_1005Metric,159.55,-90.35,180.0,bottom
C408,1u,C_0402_1005Metric,171.3,-90.5,180.0,bottom
C409,1u,C_0402_1005Metric,183.975,-90.525,180.0,bottom
D101,LESD5D5.0CT1G,D_SOD-523,158.81,-111.53,90.0,top
D102,LESD5D5.0CT1G,D_SOD-523,164.45,-104.4325,180.0,top
D103,LESD5D5.0CT1G,D_SOD-523,167.5475,-104.43,180.0,top
D104,BAT54C,SOT-23,160.56,-95.3475,90.0,top
D208,LED,LED_0402_1005Metric,168.0,-86.695,90.0,top
D401,SK6805-EC20,SK68xx-EC20,171.21,-79.44,0.0,bottom
D402,SK6805-EC20,SK68xx-EC20,158.51,-79.44,0.0,bottom
D403,SK6805-EC20,SK68xx-EC20,120.41,-79.44,0.0,bottom
D404,SK6805-EC20,SK68xx-EC20,107.775,-92.15,180.0,bottom
D405,SK6805-EC20,SK68xx-EC20,120.475,-92.175,180.0,bottom
D406,SK6805-EC20,SK68xx-EC20,145.875,-92.15,180.0,bottom
D407,SK6805-EC20,SK68xx-EC20,158.525,-92.125,180.0,bottom
D408,SK6805-EC20,SK68xx-EC20,171.275,-92.15,180.0,bottom
D409,SK6805-EC20,SK68xx-EC20,183.95,-92.175,180.0,bottom
J101,USB_C_Receptacle_USB2.0_16P,USB_C_Receptacle_HRO_TYPE-C-31-M-12,166.11,-111.215,0.0,top
J102,JST PH S2B,JST_PH_S2B-PH-SM4-TB_1x02-1MP_P2.00mm_Horizontal,137.4,-83.8,0.0,top
J201,TF-015,TF-015_SOFNG,182.86,-99.22,90.0,top
J205,SM04B-SRSS-TB,JST_SH_SM04B-SRSS-TB_1x04-1MP_P1.00mm_Horizontal,149.555,-76.8,-90.0,top
J206,SM04B-SRSS-TB,JST_SH_SM04B-SRSS-TB_1x04-1MP_P1.00mm_Horizontal,180.925,-77.05,90.0,top
L101,10n,L_0402_1005Metric,156.64,-112.23,180.0,top
Q301,BSS138,SOT-23,107.69,-104.23,180.0,bottom
Q302,BSS138,SOT-23,104.01,-107.1,90.0,bottom
Q303,BSS138,SOT-23,111.9225,-110.51,270.0,bottom
R101,5k1,R_0402_1005Metric,169.35,-104.96,90.0,top
R102,5k1,R_0402_1005Metric,162.6425,-104.9425,90.0,top
R103,1k2,R_0402_1005Metric,156.91,-106.1575,90.0,top
R104,6k8,R_0402_1005Metric,158.16,-106.1675,90.0,top
R105,10k,R_0402_1005Metric,156.9,-100.025,90.0,top
R106,10k,R_0402_1005Metric,159.75,-100.95,90.0,top
R107,10k,R_0402_1005Metric,159.75,-103.4,-90.0,top
R108,61k9,R_0402_1005Metric,153.6,-94.56,180.0,top
R109,178k,R_0402_1005Metric,153.58,-96.57,0.0,top
R110,100k,R_0402_1005Metric,157.2675,-81.42,-90.0,top
R111,3k3,R_0402_1005Metric,136.81,-73.05,0.0,bottom
R112,10k,R_0402_1005Metric,136.81,-72.03,180.0,bottom
R113,10k,R_0402_1005Metric,160.12,-89.3,180.0,top
R114,0R,R_0603_1608Metric,159.0,-114.5,180.0,top
R201,5k1,R_0402_1005Metric,156.425,-77.3,90.0,top
R202,5k1,R_0402_1005Metric,156.425,-75.35,-90.0,top
R203,470R,R_0402_1005Metric,169.37,-87.51,90.0,top
R204,10k,R_0402_1005Metric,169.89,-86.03,0.0,top
R205,10k,R_0402_1005Metric,170.4,-84.54,90.0,top
R206,10k,R_0402_1005Metric,155.9875,-78.95035,180.0,top
R207,10k,R_0402_1005Metric,190.4,-90.6,0.0,top
R208,0R,R_0603_1608Metric,178.45,-109.3,-90.0,top
R209,10k,R_0402_1005Metric,173.7,-104.16,180.0,top
R210,10k,R_0402_1005Metric,185.23,-90.64,0.0,top
R211,10k,R_0402_1005Metric,182.59,-90.59,0.0,top
R212,10k,R_0402_1005Metric,180.09,-90.62,0.0,top
R213,10k,R_0402_1005Metric,173.95,-98.6,-90.0,top
R214,10k,R_0402_1005Metric,175.43,-96.99,180.0,top
R215,1k2,R_0402_1005Metric,168.0,-84.775,-90.0,top
R301,5k1,R_0402_1005Metric,104.05,-103.46,180.0,bottom
R302,5k1,R_0402_1005Metric,110.17,-104.26,270.0,bottom
R303,5k1,R_0402_1005Metric,158.65,-82.98,0.0,top
R304,5k1,R_0402_1005Metric,109.29,-111.64,180.0,bottom
R305,10k,R_0402_1005Metric,104.06,-104.66,180.0,bottom
R308,1k,R_0402_1005Metric,134.0725,-110.13,180.0,bottom
SW101,PTS810SJG250,SW_SPST_PTS810,133.88,-70.98,270.0,bottom
SW201,PTS810SJG250,SW_SPST_PTS810,184.41,-79.42,0.0,bottom
TP101,TestPoint,TestPoint_Pad_D2.0mm,161.75,-98.8,0.0,top
TP102,TestPoint,TestPoint_Pad_D2.0mm,134.5,-76.75,0.0,top
TP103,TestPoint,TestPoint_Pad_D2.0mm,162.4,-87.35,0.0,top
TP104,TestPoint,TestPoint_Pad_D2.0mm,162.2,-91.0,0.0,top
TP105,TestPoint,TestPoint_Pad_D2.0mm,112.25,-100.1,0.0,top
U101,BQ24040,QFN_10_BQ24040,157.53,-103.015,0.0,top
U102,APX803-29SAG,SOT-23,154.8075,-82.18,0.0,top
U103,AP2112K-3.3,SOT-23-5,156.87,-95.3475,0.0,top
U104,AP2112K-1.8,SOT-23-5,156.8575,-87.935,0.0,top
U201,ESP32-C6-MINI-1/U,ESP32-C6-MINI-1,166.4,-77.10035,0.0,top
U301,ICM-20948,InvenSense_QFN-24_3x3mm_P0.4mm,107.79,-108.03,180.0,bottom
U302,ICP20100,ST_HLGA-10_2x2mm_P0.5mm_LayoutBorder3x2y,158.48,-108.885,270.0,bottom
U303,BH1750FVI,XDCR_BH1750FVI-TR,134.5175,-108.55,180.0,bottom
U304,T3902,MMIC,183.9825,-108.343,0.0,bottom
